qname,label
xn--eyts3n.xn--fiqs8,1
xn--vsqs1ip4z9vs.xn--fiqs8,1
xn--jor602n.xn--fiqs8,1
xn--6krv12dtgj5oh.xn--fiqs8,1
xn--chqz14b33sb3nuut.xn--fiqs8,1
xn--9prw58e.xn--fiqs8,1
xn--37qy65a4ie047c.xn--fiqs8,1
xn--nqv95a298as0u.xn--fiqs8,1
xn--rhtw4wc6a837g.xn--fiqs8,1
xn--dpqq25bltmh9m.xn--fiqs8,1
xn--9kro04bwkj.xn--fiqs8,1
xn--xyss25e.xn--fiqs8,1
xn--8uqu18cwyqewx.xn--fiqs8,1
xn--dpq82jit4bx2f.xn--fiqs8,1
xn--xkry6ffyan8a.xn--fiqs8,1
xn--pbt977cfqlvyl.xn--fiqs8,1
xn--1nq31f7ufp83f.xn--fiqs8,1
xn--fiqv1idbz92af4zcyv9zdup7bphaz68g.xn--fiqs8,1
xn--3xr991o.xn--fiqs8,1
xn--miqy8kqst1vv.xn--fiqs8,1
xn--owt49tjseb46a.xn--fiqs8,1
xn--1lquip4d4vcn2hyc925dhy2isge.xn--fiqs8,1
xn--fhqz97egmat49l.xn--fiqs8,1
dxc.xn--fiqs8,1
xn--pss230cs2tifc.xn--fiqs8,1
xn--jvrz2yuqf0qbry4dd14a.xn--fiqs8,1
xn--swt5zp6g123b.xn--fiqs8,1
xn--sxqx4yjojp3a.xn--fiqs8,1
xn--w9qu01anwb.xn--fiqs8,1
xn--vhqqb70qmrhwmv0e9anf7a.xn--fiqs8,1
xn--jmru7kpzcywc.xn--fiqs8,1
xn--d4tygq18m5ub.xn--fiqs8,1
xn--5brz63b.xn--fiqs8,1
xn--54qa460nmjo.xn--fiqs8,1
xn--0hv50k.xn--fiqs8,1
xn--jrx586dglk.xn--fiqs8,1
xn--kcrx91a4mf1q8c.xn--fiqs8,1
xn--xhqqyy8ft42g.xn--fiqs8,1
xn--omr301arnkmza.xn--fiqs8,1
xn--nqvr4ip10c.xn--fiqs8,1
xn--tfrz5ou3a369j.xn--fiqs8,1
xn--jvrr31fczfyl1a.xn--fiqs8,1
pullandbear.xn--fiqs8,1
xn--09st2hjis03i62p.xn--fiqs8,1
xn--3bsx83gl9ihhk.xn--fiqs8,1
xn--9iq19ertbnvvf680aq1fyod5bw3gkxxevnzp3dcl6ayy6c.xn--fiqs8,1
xn--ekrw8fhs0apuimjq0l1a.xn--fiqs8,1
xn--9kq82exxbgdz8ay05ftmxm1u202b.xn--fiqs8,1
xn--w9q82gj4ap16misa.xn--fiqs8,1
xn--jpqq3wwui.xn--fiqs8,1
xn--j1azv.xn--p1a,1
xn--b1ac6bh4c.xn--p1a,1
xn--80aaabuc9ae2b4a4l.xn--p1a,1
xn--e1aolcmd.xn--p1a,1
xn--c1adbibb0aykc7n.xn--p1a,1
xn--1-8sba3biz.xn--p1a,1
xn--c1atqe.xn--p1a,1
xn--80aaaat1afcze0afi1ipb.xn--p1a,1
xn--45-6kcljuvdf1fse.xn--p1a,1
xn--80ahacbg7cgr6c.xn--p1a,1
xn--80aahfg3amgz1a.xn--p1a,1
xn--12-jlcytboo.xn--p1a,1
xn--80abxlbki6a.xn--p1a,1
xn--90afqsbambik.xn--p1a,1
xn--b1afakdgpzinidi6e.xn--p1a,1
xn--e1aaqbocyd.xn--p1a,1
xn--80ahm2allm.xn--p1a,1
xn--80actmi5h.xn--p1a,1
xn--80ablaq9bcd5c.xn--p1a,1
xn--h1aaeicfdes2b.xn--p1a,1
xn--80akngdo2a.xn--p1a,1
xn--80ahgqrfjy.xn--p1a,1
xn--80aehbq0cfe.xn--p1a,1
xn--90aocedpcbe8gxb.xn--p1a,1
xn--80aimbkndpik5m.xn--p1a,1
xn--90abxvja.xn--p1a,1
xn--80aagmefqvffhccromen.xn--p1a,1
xn--25-6kcay4a7ay.xn--p1a,1
xn--80atdujec4e.xn--p1a,1
xn--80ahhedb0bbin1l.xn--p1a,1
xn--80abtlohu9h.xn--p1a,1
xn--30-6kclvec3aj7p.xn--p1a,1
xn--101-tddaq9ab0ase.xn--p1a,1
xn--j1aaph.xn--p1a,1
xn--80aug.xn--p1a,1
xn--80aaldlcdqohj2af5oqb.xn--p1a,1
xn--h1ahsh.xn--p1a,1
xn--b1af5abdp8a.xn--p1a,1
xn--b1aew.xn--p1a,1
xn--e1araccde4d.xn--p1a,1
xn--80affslpnhj.xn--p1a,1
xn--80ajpldfhw1d.xn--p1a,1
xn--d1acaljni9ac4hwa.xn--p1a,1
xn--b1amahl5b.xn--p1a,1
xn--c1avq.xn--p1a,1
xn--80adkjac8afhl7e.xn--p1a,1
xn--80aesfpebagmfblc0a.xn--p1a,1
xn--j1adfn.xn--p1a,1
xn--c1ajabajhmcjcb.xn--p1a,1
xn--4-ptbfpt5a.xn--p1a,1
xn--999a13e28loqm.xn--3e0b707,1
xn--9t4b11dxa655g.xn--3e0b707,1
xn--3e0bx5euxnjje69i70af08bea817g.xn--3e0b707,1
xn--3e0bw8al6ec5mr0o.xn--3e0b707,1
xn--ok0b996b.xn--3e0b707,1
xn--2o2bk9f8tdvrct1fd6c.xn--3e0b707,1
xn--4g4by07a.xn--3e0b707,1
xn--3k5bux.xn--3e0b707,1
xn--299ayy762c.xn--3e0b707,1
xn--vv0buqz6yw1g5kl.xn--3e0b707,1
xn--zb0b2h01ozygv9j7lgn8g.xn--3e0b707,1
xn--9w3bi0nw8b.xn--3e0b707,1
xn--vk1bq83dvhc.xn--3e0b707,1
xn--2e0b61zqoh.xn--3e0b707,1
xn--vk1br59ahwhmwd.xn--3e0b707,1
xn--lz2bi2e66c.xn--3e0b707,1
xn--299ar7so0m9rb.xn--3e0b707,1
xn--he5b97a.xn--3e0b707,1
xn--wv4bz5i.xn--3e0b707,1
xn--289au2ja955lxwg4qx.xn--3e0b707,1
xn--hy1b45cb6o2scfvdxzv.xn--3e0b707,1
xn--3e0bt9htsa.xn--3e0b707,1
xn--v92b13h3b984afxh.xn--3e0b707,1
xn--ds0b51r21bpxpb9bz5e.xn--3e0b707,1
xn--6i4b80k70l.xn--3e0b707,1
xn--hq1bu9ouqdj4hw6p.xn--3e0b707,1
xn--h50bw7n8vci5mb2edtm.xn--3e0b707,1
xn--oi2bw61auby01bcrg.xn--3e0b707,1
xn--vl2b19frvexsb914b.xn--3e0b707,1
xn--hy1bo8ggr1a.xn--3e0b707,1
xn--vk1b79z21c90brn.xn--3e0b707,1
xn--ok0b44ltmk.xn--3e0b707,1
xn--2z1br4keve9sf51d.xn--3e0b707,1
xn--b06bm9fy3a.xn--3e0b707,1
xn--4y2b50kdxk.xn--3e0b707,1
xn--9d0bl0vtlfnb488ccrx.xn--3e0b707,1
xn--ob0bjxv91bzmam3rz0zbfbs1a.xn--3e0b707,1
xn--oi2br3ynkbnxo1bz65crra.xn--3e0b707,1
xn--oci-rw4nu1gv2mpwy.xn--3e0b707,1
xn--ei0bv08au4e.xn--3e0b707,1
xn--9w3b137a.xn--3e0b707,1
xn--2i4b1hi3n.xn--3e0b707,1
xn--zb0b89fr6j1ya86wzy3a.xn--3e0b707,1
xn--hu1br5h.xn--3e0b707,1
xn--ok0bn8f98fh3ar81af5gxx0a.xn--3e0b707,1
xn--9d0bk18ablap91e.xn--3e0b707,1
xn--6i4b93s.xn--3e0b707,1
xn--950bu1tbye1was37c.xn--3e0b707,1
xn--2z1b60x6vdzcv45g.xn--3e0b707,1
xn--oy2b25s9ublwnn0e9zd.xn--3e0b707,1
xn--5mu52hnt9b3ve.xn--kpry57,1
mengjizi.xn--kpry57,1
xn--5us93lt8u.xn--kpry57,1
xn--ogth476b85f.xn--kpry57,1
xn--nwqa8752cba.xn--kpry57,1
xn--qqxo60b3vu.xn--kpry57,1
xn--nwqaa688yi88apbi.xn--kpry57,1
xn--pss82df71bz4pesp.xn--kpry57,1
xn--hxtw09dumag66d.xn--kpry57,1
xn--3pq70jz5b711adxfqoi.xn--kpry57,1
xn--nqq06o7re05m8v5b7th1zc.xn--kpry57,1
xn--kcrz2oqu5c.xn--kpry57,1
xn--9rq776mdwa64w.xn--kpry57,1
xn--uk3a7ea.xn--kpry57,1
xn--rutp14a855a.xn--kpry57,1
xn--iuzr12b.xn--kpry57,1
xn--kpru1wh6g9q7c.xn--kpry57,1
english.xn--kpry57,1
xn--kzw51o.xn--kpry57,1
foodmap.xn--kpry57,1
xn--ruq80bma22x.xn--kpry57,1
xn--hrr68ix7q.xn--kpry57,1
xn--ihq79ivf45ay4qcn9b.xn--kpry57d,1
xn--ihq79ivf45ay4qcn9b.xn--kpry57d,1
www.mido.xn--kpry57,1
xn--mnqs04avseftu.xn--kpry57d,1
www.xn--vns-kt6e051agv6chd9a.xn--kpry57,1
xn--4zq561ekoskvb.xn--kpry57,1
www.xn--93qp37al3i.xn--kpry57,1
www.xn--rkxs73c.xn--kpry57,1
xn--15qw82dp5aj77c.xn--kpry57,1
xn--2qu98ee2so89a.xn--kpry57d,1
xn--us1a92xo8fpvg.xn--kpry57,1
xn--3kr71w8ncfzav8pfpv3p8c6rbp2q.xn--kpry57d,1
xn--ssss04g0jo.xn--kpry57,1
www.xn--omsz69bqhb.xn--kpry57,1
xn--fiqz9s982blvp.xn--kpry57,1
xn--lzr547m.xn--kpry57,1
xn--eut431h.xn--kpry57,1
xn--8mr18r42w3j5a.xn--kpry57,1
xn--rlsx8k.xn--kpry57,1
naks.xn--czrw55e.xn--kpry57,1
xn--xysz9jbs7a.xn--kpry57d,1
www.xn--ldru28g.xn--kpry57,1
xn--kjvz36b.xn--kpry57,1
xn--btva.xn--kpry57d,1
xn--f5qq7d.xn--kpry57,1
xn--cks581knod.xn--kpry57,1
xn--fiqr1y.xn--kpry57,1
xn--b0t445dlib.xn--kpry57,1
xn--f1awh.xn--p1ac,1
xn--c1akah3c.xn--p1ac,1
xn--80adraid0agk9j.xn--p1ac,1
xn--80aa8an.xn--p1ac,1
xn--90abirblohdl6fybg4c.xn--p1ac,1
xn--b1ajda1afy.xn--p1ac,1
xn--b1adcaabak1bvlfx.xn--p1ac,1
xn--80aamvbglg4a.xn--p1ac,1
xn--80adji8aobk.xn--p1ac,1
xn--80anedpnagjll.xn--p1ac,1
xn--80abcflel3awakke4am3m.xn--p1ac,1
xn--80adg3belcq8h.xn--p1ac,1
xn--h1adbkfg.xn--p1ac,1
xn--80aeju9a.xn--p1ac,1
xn--80aegeoalydebe2ar0e8d.xn--p1ac,1
xn--1-xtby.xn--p1ac,1
xn--e1agraods3g.xn--p1ac,1
xn--80adjnichn6a0a3g.xn--p1ac,1
xn--b1alrd0c.xn--p1ac,1
xn--b1amcmcgs8f.xn--p1ac,1
xn--d1ababe6aj1ada0j.xn--p1ac,1
xn--c1axu.xn--p1ac,1
xn--80aqahnihhapq1b8h.xn--p1ac,1
xn--61-6kcd9bxanct8i.xn--p1ac,1
xn--124-qdd9albqghf5a.xn--p1ac,1
xn--48-9kcqjffxnf3b.xn--p1ac,1
xn--80adam9dtac.xn--p1ac,1
xn--80ablrribhkhap8n.xn--p1ac,1
xn--b1ac5anfg.xn--p1ac,1
xn--80aaf5a.xn--p1ac,1
xn--h1adc2c8a.xn--p1ac,1
xn--h1afcfd9h.xn--p1ac,1
xn--e1agrdfjse.xn--p1ac,1
xn--b1abee6bbbmxi8b.xn--p1ac,1
xn--k1afdjdg.xn--p1ac,1
xn--d1aiwkc2d.xn--p1ac,1
xn--40-8kc.xn--p1ac,1
xn--e1addbskakk5m.xn--p1ac,1
xn--80aqfgjl3d.xn--p1ac,1
xn--90aaa1av5b1d.xn--p1ac,1
xn--80a3ae.xn--p1ac,1
xn--d1ahejgt5g.xn--p1ac,1
xn--80aaaayoobfnod0bcg4c6l.xn--p1ac,1
xn--90ahbu2arz.xn--p1ac,1
xn--80abxtjfhf.xn--p1ac,1
xn--80agpnde7b.xn--p1ac,1
xn--90aefb9am2a.xn--p1ac,1
xn--80apgeigb9byb.xn--p1ac,1
xn--b1agdif4aoboc.xn--p1ac,1
xn--90audh.xn--p1ac,1
xn--11b3arz5ee0h.xn--h2brj9,1
xn--i1bj3fza2b5a9dg.xn--h2brj9c,1
xn--i1b6e8byah.xn--h2brj9c,1
xn----ytdg2a7eme8k7bydbgb.xn--h2brj9,1
www.xn--i1bj3fqcyde.xn--11b7cb3a6a.xn--h2brj9,1
xn--m1bet8dtc8dtcb.xn--h2brj9c,1
xn--m1bet8dtc8dtcb.xn--h2brj9c,1
xn--m1bafb9a4d7a7v.xn--j2bsq2bc9f.xn--h2brj9c,1
xn--11ba5f4a5ecc.xn--h2brj9c,1
xn--c2b3agb7ak9ab0lb.xn--h2brj9c,1
xn--c2b3agb7ak9ab0lb.xn--h2brj9c,1
xn--m1bet4hqd2b.xn--h2brj9c,1
www.xn--m1bev6e1drb5cb.xn--h2brj9,1
xn--l1b6a9di5a0j.xn--h2brj9c,1
xn--l1b6a9di5a0j.xn--h2brj9c,1
www.xn--81bg3cc2b2bk5hb.xn--h2brj9c,1
xn--11bx2e6a3b.xn--h2brj9c,1
xn--11bx2e6a3b.xn--h2brj9c,1
xn--i2bvxym.xn--h2brj9c,1
xn--i2bvxym.xn--h2brj9c,1
www.xn--81b5axckh.xn--h2brj9c,1
xn--m1be0h5a5e.xn--h2brj9c,1
xn--e1adsd.xn--e1a4,1
xn--80ajkzr2a.xn--e1a4,1
xn--80adiheeyly8m.xn--e1a4,1
xn--80aaabko9a0b1a1en8c.xn--e1a4,1
xn--b1agiawce0b.xn--e1a4,1
xn--80aegk0bi.xn--e1a4,1
xn--80adjkcabaokmfcn3ab6aj1f.xn--e1a4,1
xn--24-6kcafexvc4a2fsf.xn--e1a4,1
xn--80aalobachchdnv6d3c.xn--e1a4,1
xn--e1aaj1acpz.xn--e1a4,1
xn--80aaeee4clfn0d.xn--e1a4,1
xn--80aafhwal5ad3aj1a8l.xn--e1a4,1
xn--80aehudwmij.xn--e1a4,1
xn--b1acfab7ajncsex8h.xn--e1a4,1
xn--80aqee0a4b9b.xn--e1a4,1
xn--80aafie8d3e.xn--e1a4,1
xn--80adsbth5a.xn--e1a4,1
xn--s1ad.xn--e1a4,1
xn--11-slc.xn--e1a4,1
xn--e1aanighju0e.xn--e1a4c,1
www.xn--80aaaacc1alisf1bkzyjjm.xn--e1a4,1
xn--e1aanighju0e.xn--e1a4c,1
xn--80aabfd5acmg6cdis5h.xn--e1a4c,1
www.xn--80adsbijousc8c.xn--e1a4,1
xn----7sbgb4aa6acec4b.xn--e1a4,1
xn--90abzpqb.xn--e1a4c,1
xn--80aaebbrscyd4de.xn--e1a4c,1
www.xn--b1aebanbd0akndfni.xn--e1a4,1
www.xn--80abjcmfj6a9b.xn--e1a4,1
xn--80abbemmicwvmh5b4n.xn--e1a4c,1
xn--b1aecabpcu1alur.xn--e1a4c,1
xn--e1aghloj.xn--e1a4c,1
xn--80an.xn--e1a4c,1
xn--80an.xn--e1a4c,1
xn----ftbelbcrcpgvlifdvc.xn--e1a4,1
xn--80aairfawn.xn--e1a4c,1
xn--80aaadk0afvel3bcri7a4f7d.xn--e1a4,1
xn--80abejdw9avle.xn--e1a4c,1
xn--80aaalnookjcfchcltnkm.xn--e1a4c,1
www.xn--c1aeah0aj6j.xn--e1a4,1
xn--h1aeu9bp.xn--e1a4c,1
www.xn--c1accbkg2b6j.xn--e1a4,1
www.xn--h1aae1a1a.xn--e1a4,1
xn--80aaa3abacjhcmqbnl9ak7e.xn--e1a4c,1
xn--j1ah.xn--e1a4,1
xn--d1acmkhc.xn--e1a4,1
xn--d1ag.xn--e1a4,1
xn--c1ajbfp.xn--e1a4c,1
xn-----7kcjlvbnokbjfngl0a.xn--e1a4,1
xn--j1ahdidh.xn--e1a4c,1
xn--xkc0e.xn--xkc2dl3a5ee0,1
xn--rlcus7b3d.xn--xkc2dl3a5ee0,1
xn--vkc6a6b6bzdh.xn--xkc2dl3a5ee0h,1
xn--vkc6a6b6bzdh.xn--xkc2dl3a5ee0h,1
xn--hlc3bggo4dqc7h.xn--xkc2dl3a5ee0h,1
xn--hlc3bggo4dqc7h.xn--xkc2dl3a5ee0h,1
www.xn--hlculzh6a6e7b0ce.xn--xkc2dl3a5ee0h,1
www.xn--hlculzh6a6e7b0ce.xn--xkc2dl3a5ee0h,1
xn--l8js3qv26oj39b.xn--q9jyb4,1
xn--dck0bxbxd1j.xn--q9jyb4,1
kawaii.xn--q9jyb4,1
xn--p8j7a4j089zpyua.xn--q9jyb4,1
xn--vuq463cd4tx8n.xn--q9jyb4,1
xn--qevq2lyfo83ks6ct2j.xn--q9jyb4,1
xn--4kq042ahhzct0lcu3cpur.xn--q9jyb4,1
xn--7rs178b6hzbsb.xn--q9jyb4,1
xn--rht3d.xn--q9jyb4,1
xn--gmq88kk0jeko.xn--q9jyb4,1
xn--l8ji3cr9ef9rlbo.xn--q9jyb4,1
xn--t8j0a2316ak9eryn.xn--q9jyb4,1
xn--lck1bgu1bx1iyb.xn--q9jyb4,1
xn--cck4bwe8a4fpc.xn--q9jyb4,1
xn--cckte.xn--q9jyb4,1
xn--estq0xfwd8q6b.xn--q9jyb4,1
xn--48je0dr2kp99y.xn--q9jyb4,1
cialdella.xn--q9jyb4,1
anthonycialdella.xn--q9jyb4,1
xn--y8jp0mua.xn--q9jyb4,1
abc.xn--q9jyb4,1
xn--dck3c9b5d7d.xn--q9jyb4,1
xn--0xv762f.xn--q9jyb4c,1
blog.xn--oo-7j4ac2n.xn--q9jyb4,1
xn--y8j8bxc.xn--q9jyb4c,1
xn--z7xy1z.xn--q9jyb4c,1
xn--t8jg1gwg.xn--q9jyb4c,1
xn--u9jv32ntyd.xn--q9jyb4c,1
kevin.ford.xn--q9jyb4,1
xn--n9jw86g2maw4ep60bsylzgkb69c4zd.xn--q9jyb4c,1
www.david.xn--q9jyb4,1
xamthor.xn--q9jyb4c,1
xn--bdka2b4a5j6b.xn--q9jyb4c,1
xn--wbttb013d01x.xn--q9jyb4c,1
xn--l8je9byecb9a3syb.xn--q9jyb4,1
xn--v9j8b817l.xn--q9jyb4,1
xn--1kr504b.xn--q9jyb4,1
xn--t8j482k.xn--q9jyb4c,1
xn--y8j148r.xn--q9jyb4,1
xn--28jucvskb2e.xn--q9jyb4,1
xn--xckj2f6ayb2j.xn--q9jyb4,1
kumo.xn--q9jyb4,1
xn--l8js6h476m.xn--q9jyb4,1
xn--n8ja0d4b0j7a.xn--q9jyb4,1
ako.xn--q9jyb4,1
www.xn--xxt076i.xn--q9jyb4,1
floris.xn--q9jyb4,1
ideals.xn--q9jyb4,1
untitled.xn--q9jyb4,1
xn--p8j1d5d5464b.xn--q9jyb4,1
